<?xml version="1.0" encoding="UTF-8" standalone="no"?><Fichier><Header><FicId>1bcecf3499964aea9e60dc50fa9e327f</FicId><FicId>463ae8ad-04bf-4e54-897c-31fdf3e7167d</FicId><NmIE>Nom émetteur : *</NmIE><NmIR>Nom récepteur : *</NmIR><MailExp>kami@gmail.com</MailExp><MailDest>didi</MailDest></Header><Body><CollMess NbOfTxs="1"><Message MsgId="mecf86909-5cbe-4447-8b26-d56f75dedf1d"><Dte>Mon Nov 19 16:59:04 CET 2018</Dte><DureeValideMsg>20</DureeValideMsg><Dmd><DescDmd>40f1c136-aa6c-443f-b260-89684bd52b2d</DescDmd><DateDebut>2d04ee63-020b-4b61-975a-a39b03ff2cc4</DateDebut><DateFin>d164eacf-7ea2-42e9-bf27-d96b4f474c04</DateFin></Dmd></Message></CollMess></Body></Fichier>