<?xml version="1.0" encoding="UTF-8" standalone="no"?><Fichier><Header><FicId>1a5e917e0bec41acb9caefd64928581a</FicId><FicId>3143ffd2-5d9e-414b-9c87-0e07f5bc5e15</FicId><NmIE>lorem</NmIE><NmIR>ipsum</NmIR><MailExp>test@gmail.com</MailExp><MailDest>ipsum</MailDest></Header><Body><CollMess NbOfTxs="1"><Message MsgId="ma2bf6800-d272-42cb-bee8-1a90d1dcc520"><Dte>Mon Nov 19 17:03:25 CET 2018</Dte><DureeValideMsg>20</DureeValideMsg><Dmd><DescDmd>8bece705-991b-4790-acac-8fff540a43dd</DescDmd><DateDebut>Mon Nov 19 17:03:25 CET 2018</DateDebut><DateFin>63c0553c-82dd-4879-af31-187ab4f92b4d</DateFin></Dmd></Message></CollMess></Body></Fichier>